Account.Number,Country,,,
Account-407,Taiwan,,,
Account-433,Italy,,,
Account-412,Vietnam,,,
Account-459,Italy,,,
Account-416,Canada,,,
Account-470,China,,,
Account-442,France,,,
Account-435,Taiwan,,,
Account-450,China,,,
Account-423,Madagascar,,,
Account-452,Italy,,,
Account-465,Mexico,,,
Account-432,Mexico,,,
Account-439,Taiwan,,,
Account-448,Mexico,,,
Account-454,USA,,,
Account-456,Hong Kong,,,
Account-474,Mexico,,,
Account-431,Greece,,,
Account-403,China,,,
Account-428,France,,,
Account-401,Taiwan,,,
Account-468,France,,,
Account-447,USA,,,
Account-404,Madagascar,,,
Account-434,Italy,,,
Account-430,Canada,,,
Account-475,Vietnam,,,
Account-437,Italy,,,
Account-414,Canada,,,
Account-460,Taiwan,,,
Account-472,Madagascar,,,
Account-445,Italy,,,
Account-446,Brazil,,,
Account-461,USA,,,
Account-473,Brazil,,,
Account-408,Madagascar,,,
Account-427,Mexico,,,
Account-421,Japan,,,
Account-420,Madagascar,,,
Account-411,Japan,,,
Account-451,Greece,,,
Account-425,USA,,,
Account-462,Mexico,,,
Account-464,Canada,,,
Account-429,Mexico,,,
Account-405,Brazil,,,
Account-443,Taiwan,,,
Account-422,Vietnam,,,
Account-469,Greece,,,
Account-417,Italy,,,
Account-424,France,,,
Account-406,Canada,,,
Account-440,USA,,,
Account-449,Taiwan,,,
Account-466,Mexico,,,
Account-426,Italy,,,
Account-444,Brazil,,,
Account-457,USA,,,
Account-455,Vietnam,,,
Account-419,Mexico,,,
Account-458,Hong Kong,,,
Account-409,Taiwan,,,
Account-418,Canada,,,
Account-453,USA,,,
Account-467,France,,,
Account-438,Mexico,,,
Account-413,Madagascar,,,
Account-410,Japan,,,
Account-471,Hong Kong,,,
Account-441,USA,,,
Account-400,Taiwan,,,
Account-463,Mexico,,,
Account-436,China,,,
Account-415,Mexico,,,
Account-402,China,,,